name,note,id,items,nbItems
cuirs de bœuf tannés,,cuirs_de_bœuf_tannés~product_orthographic,"[{'name': 'Cuir de beuf tané'}, {'name': 'Cuir ; de beuf ; tané'}, {'name': 'Cuir de beuf tanés'}, {'name': 'Cuir de beuf tanné'}, {'name': 'Cuir; de beuf tannés'}]",65
morue sèche,x,morue_sèche~product_orthographic,"[{'name': 'Moluë ; seiche'}, {'name': 'More seche'}, {'name': 'Morüe sèche'}, {'name': 'Morüe séche'}, {'name': 'Morüe Seche'}]",56
peaux de mouton apprêtées,,peaux_de_mouton_apprêtées~product_orthographic,"[{'name': 'Peau ; de mouton ; apressés'}, {'name': 'Peau ; de mouton ; aprêtée'}, {'name': 'Peau de Mouton a pretées'}, {'name': 'Peau de mouton aprettées'}, {'name': 'Peaux de mouton appreté'}]",52
toile à voile,,toile_à_voile~product_orthographic,"[{'name': 'Toile; à voile'}, {'name': 'Toile; A voile'}, {'name': 'Toile avoile'}, {'name': 'Toile à Voile'}, {'name': 'Toile à voile'}]",52
plumes d'autruche apprêtées,,plumes_d'autruche_apprêtées~product_orthographic,"[{'name': ""Plume d'autruche appretée""}, {'name': ""Plume ; d'autruche ; apprêtée""}, {'name': ""Plume ; d'autruche ; aprestée""}, {'name': ""Plume ; d'autruche ; aprestées""}, {'name': ""Plume d'autruche aprêtée""}]",49
cannettes de grès,,cannettes_de_grès~product_orthographic,"[{'name': 'Canetes de Gray'}, {'name': 'Canette de Gray'}, {'name': 'Canette de gray'}, {'name': 'Canette de gré'}, {'name': 'Canette de grès'}]",48
merrains à barriques,,merrains_à_barriques~product_orthographic,"[{'name': 'Mairain à barique'}, {'name': 'Mairain à bariques'}, {'name': 'Mairains a bariques'}, {'name': 'Mairein à bariques'}, {'name': 'Mairin a Bariques'}]",48
poêles à frire,,poêles_à_frire~product_orthographic,"[{'name': 'Poelea frire'}, {'name': 'Poële a frire'}, {'name': 'Poêle à frire'}, {'name': 'Poele à frire'}, {'name': 'Poele a frire'}]",45
bois merrains à barriques,,bois_merrains_à_barriques~product_orthographic,"[{'name': 'Bois ;;mairin;a barique'}, {'name': 'Bois ; mairin a barique'}, {'name': 'Bois ;;mairin;à bariques'}, {'name': 'Bois ;;mairin;a bariques'}, {'name': 'Bois ; ; mairin; a Bariques'}]",43
dame-jeannes,,dame-jeannes~product_orthographic,"[{'name': 'Damejane'}, {'name': 'Damejanes'}, {'name': 'Dame janes'}, {'name': 'Damejanne'}, {'name': 'Dame janne'}]",43
fer en poêles à frire,,fer_en_poêles_à_frire~product_orthographic,"[{'name': 'Fer ; en perles à frire'}, {'name': 'Fer en poële à frire'}, {'name': 'Fer en poële a frire'}, {'name': 'Fer en poele à frire'}, {'name': 'Fer en poele a frire'}]",42
peaux de veau corroyées,,peaux_de_veau_corroyées~product_orthographic,"[{'name': 'Peau ; de veau ; corroiées'}, {'name': 'Peau de veau corroyé'}, {'name': 'Peau de veau corroyée'}, {'name': 'Peau ; de veau corroyée'}, {'name': 'Peau ; de veau ; corroyée'}]",42
toile guingans,,toile_guingans~product_orthographic,"[{'name': 'Toile ginagas'}, {'name': 'Toile ginga'}, {'name': 'Toile ; ginga'}, {'name': 'Toile gingamp'}, {'name': 'Toile gingan'}]",42
bois du Brésil,,bois_du_Brésil~product_orthographic,"[{'name': 'Bois a bresil'}, {'name': 'Bois Bresil'}, {'name': 'Bois bresil'}, {'name': 'Bois ; brésil'}, {'name': 'Bois ; Bresil'}]",40
bois de Pernambouc,,bois_de_Pernambouc~product_orthographic,"[{'name': 'Bois ; de Camanbourg'}, {'name': 'Bois de fenambourg'}, {'name': 'Bois ; de fermambourg'}, {'name': 'Bois de fermanbourg'}, {'name': 'Bois ; de Fermanbourg'}]",40
huile d'olive,,huile_d'olive~product_orthographic,"[{'name': ""Huile d'holive""}, {'name': ""Huile; D'olive""}, {'name': ""Huile; d'olive""}, {'name': 'Huile dolive'}, {'name': ""Huïle d'olive""}]",39
merrains à barriques en douelles,,merrains_à_barriques_en_douelles~product_orthographic,"[{'name': 'Mairain à barique en douelles'}, {'name': 'Mairains a bariques en douelles'}, {'name': 'Mairein à bariques en douelles'}, {'name': 'Mairin a Bariques en douelles'}, {'name': 'Mairin A Barrique en douelles'}]",39
bois de Campêche,,bois_de_Campêche~product_orthographic,"[{'name': 'Bas de campesche'}, {'name': 'Bois Campech'}, {'name': 'Bois Campêche'}, {'name': 'Bois Campeche'}, {'name': 'Bois campeche'}]",38
cuirs de bœuf en poil,,cuirs_de_bœuf_en_poil~product_orthographic,"[{'name': 'Cuir de beuf en poil'}, {'name': 'Cuir ; de beuf ; en poil'}, {'name': 'Cuir de beuf en poils'}, {'name': 'Cuir de bœuf en poil'}, {'name': 'Cuir ; de bœuf ; en poil'}]",38
harengs saurs,,harengs_saurs~product_orthographic,"[{'name': 'Harancs ; fors'}, {'name': 'Harands sors'}, {'name': 'Harangs ; fors'}, {'name': 'Harangs forts'}, {'name': 'Harangs ; lora'}]",38
marchandises mêlées,,marchandises_mêlées~product_orthographic,"[{'name': 'Marchandies melées'}, {'name': 'Marchandise mêlée'}, {'name': 'Marchandise melée'}, {'name': 'Marchandise Mêléer'}, {'name': 'Marchandise Mêlées'}]",38
peaux de veau apprêtées,,peaux_de_veau_apprêtées~product_orthographic,"[{'name': 'Peau ; de veau aprêtée'}, {'name': 'Peau ; de veau ; aprêtée'}, {'name': 'Peau de veau apretées'}, {'name': 'Peau de veau aprettées'}, {'name': 'Peau ; de veaux ; apressées'}]",38
bourre à bâtier,,bourre_à_bâtier~product_orthographic,"[{'name': 'Beurre à bastier'}, {'name': 'Bourde a batier'}, {'name': 'Boure a batier'}, {'name': 'Boure a bâtir'}, {'name': 'Bourre à bastier'}]",37
toile d'emballage,,toile_d'emballage~product_orthographic,"[{'name': ""Toiel d'emballage""}, {'name': ""Toile d'amballage""}, {'name': ""Toile ; d'emb ???""}, {'name': ""Toile ; d'embabis""}, {'name': ""Toile; d'embalage""}]",37
bois de Sainte-Marthe,,bois_de_Sainte-Marthe~product_orthographic,"[{'name': 'Bois de Mathe'}, {'name': 'Bois ; de N marthe'}, {'name': 'Bois de Sainte-Marthe'}, {'name': 'Bois de Sainte Marthe'}, {'name': 'Bois de sainte Marthe'}]",36
poterie de grès,,poterie_de_grès~product_orthographic,"[{'name': 'Petterie de grés'}, {'name': 'Porterie de Gray'}, {'name': 'Poterie de Bray'}, {'name': 'Poterie de grais'}, {'name': 'Poterie de Gray'}]",36
dents d'éléphant,,dents_d'éléphant~product_orthographic,"[{'name': 'Dans delefant'}, {'name': ""Den d'elefans""}, {'name': ""Dens d'elefant""}, {'name': ""Dens ; d'elephants""}, {'name': ""Dent d'elefant""}]",35
eau de la reine de Hongrie,,eau_de_la_reine_de_Hongrie~product_orthographic,"[{'name': ""Eau ; de la d'hongrie""}, {'name': ""Eau ; de la M. d'Hongrie""}, {'name': ""Eau ; de la M d'hongrie""}, {'name': ""Eau de la raine d'Ongrie""}, {'name': ""Eau ; de lar d'hongrie""}]",35
peaux de veau tannées,,peaux_de_veau_tannées~product_orthographic,"[{'name': 'Peau de veau tannée'}, {'name': 'Peau de veau tannées'}, {'name': 'Peau ; de veau ; tannées'}, {'name': 'Peau ; de veaux ; tannées'}, {'name': 'Peaux de vaux tannés'}]",34
pelleterie apprêtée,,pelleterie_apprêtée~product_orthographic,"[{'name': 'Peleterie apretée'}, {'name': 'Peletterie ; aprêtée'}, {'name': 'Pellestrie a prestée'}, {'name': 'Pelleterie ; apprestée'}, {'name': 'Pelleterie apprestées'}]",34
harengs blancs,,harengs_blancs~product_orthographic,"[{'name': 'Arans Blancs'}, {'name': 'Harams blanc'}, {'name': 'Haran blanc'}, {'name': 'Haran blancs'}, {'name': 'Haran ;Blancs'}]",33
peaux de chèvre apprêtées,,peaux_de_chèvre_apprêtées~product_orthographic,"[{'name': 'Peau ; de chevre aprêtée'}, {'name': 'Peau ; de chevre ; aprêtée'}, {'name': 'Peaux ; de chevre ; apprestées'}, {'name': 'Peaux de chèvre apprêtées'}, {'name': 'Peaux de chèvre appretées'}]",33
toile de coton,,toile_de_coton~product_orthographic,"[{'name': 'Toie ; de coton'}, {'name': 'Toile de collon'}, {'name': 'Toilede coton'}, {'name': 'Toile; De coton'}, {'name': 'Toile; de coton'}]",33
cornes à lanternes,,cornes_à_lanternes~product_orthographic,"[{'name': 'Cordnes a lanternes'}, {'name': 'Corne à Lanterne'}, {'name': 'Corne à lanterne'}, {'name': 'Corne A Lanterne'}, {'name': 'Corne a Lanterne'}]",32
térébenthine,,térébenthine~product_orthographic,"[{'name': 'Terabantine'}, {'name': 'Terbenchine'}, {'name': 'Terbenthine'}, {'name': 'Terebanthine'}, {'name': 'Térébantine'}]",31
toile batiste,,toile_batiste~product_orthographic,"[{'name': 'Toile Baliste'}, {'name': 'Toile Baptiste'}, {'name': 'Toile baptiste'}, {'name': 'Toile ; Baptiste'}, {'name': 'Toile ; baptiste'}]",31
bois à brûler,,bois_à_brûler~product_orthographic,"[{'name': 'Bois à brulé'}, {'name': 'Bois A brulé'}, {'name': 'Bois A Brule'}, {'name': 'Bois; à bruler'}, {'name': 'Bois à brûler'}]",30
cassia lignea,,cassia_lignea~product_orthographic,"[{'name': 'Caffialinea'}, {'name': 'Calicanas'}, {'name': 'Calineas'}, {'name': 'Canalinea'}, {'name': 'Casia lignea'}]",30
cuirs de Russie,,cuirs_de_Russie~product_orthographic,"[{'name': 'Cuir de roussi'}, {'name': 'Cuir de Roussie'}, {'name': 'Cuir de Roussy'}, {'name': 'Cuir de roussy'}, {'name': 'Cuir ; de Roussy'}]",30
meules à aiguiser,,meules_à_aiguiser~product_orthographic,"[{'name': 'Meule à Aiguiser'}, {'name': 'Meule A Aiguiser'}, {'name': 'Meule a Eguisé'}, {'name': 'Meule à eguiser'}, {'name': 'Meule ; à éguiser'}]",30
baume de Copahu,,baume_de_Copahu~product_orthographic,"[{'name': 'Baume ; Copahu'}, {'name': 'Baume ; copahu'}, {'name': 'Baume de capabu'}, {'name': 'Baume de capahû'}, {'name': 'Baume de Capahu'}]",29
cuirs de vache tannés,,cuirs_de_vache_tannés~product_orthographic,"[{'name': 'Cuids de vache tannés'}, {'name': 'Cuir de vaches tanné'}, {'name': 'Cuir de vâche tané'}, {'name': 'Cuir de vache tanné'}, {'name': 'Cuir ; de vache ; tanné'}]",29
gomme adragant,,gomme_adragant~product_orthographic,"[{'name': 'Gome adragan'}, {'name': 'Gome ; adragan'}, {'name': 'Gomme adagan'}, {'name': 'Gomme: à dragan'}, {'name': 'Gomme Adragan'}]",29
huile de térébenthine,,huile_de_térébenthine~product_orthographic,"[{'name': 'Huile de terbantine'}, {'name': 'Huile de terebanthine'}, {'name': 'Huile de terebenctine'}, {'name': 'Huile de térébenthine'}, {'name': 'Huile de terebenthine'}]",29
racines d'alizari,,racines_d'alizari~product_orthographic,"[{'name': ""Racine ; d'alisary""}, {'name': ""Racine ; d'alizary""}, {'name': 'Racine ; de lazary'}, {'name': 'Racine ; de lisaris'}, {'name': 'Racine de lisary'}]",29
sel d'Epsom,,sel_d'Epsom~product_orthographic,"[{'name': 'Sel ; de Glauber'}, {'name': ""Sel d'Epsom""}, {'name': ""Sel d'epsum""}, {'name': ""Sel d'hypsum""}, {'name': ""Sel ; d'Hypsum""}]",29
écaille de tortue,,écaille_de_tortue~product_orthographic,"[{'name': '...caille de Tortue'}, {'name': 'Eacaille de tortue'}, {'name': 'Ecaille de Tortu'}, {'name': 'Écaille de tortue'}, {'name': 'écaille de tortue'}]",28
cuirs de vache corroyés,,cuirs_de_vache_corroyés~product_orthographic,"[{'name': 'Cuir de vache corroyé'}, {'name': 'Cuir ; de vache ; corroyé'}, {'name': 'Cuir de vache corroyés'}, {'name': 'Cuir ; de vache ; corroyés'}, {'name': 'Cuirs ; de Nache coroiés'}]",28
étoffe de soie,,étoffe_de_soie~product_orthographic,"[{'name': 'Estoffe de soye'}, {'name': 'Estoffes de soye'}, {'name': 'Etofe de soye'}, {'name': 'Etofes de soye'}, {'name': 'Étoffe de soie'}]",28
fer en tôle,,fer_en_tôle~product_orthographic,"[{'name': 'Fer en Taule'}, {'name': 'Fer en taule'}, {'name': 'Fer ; en Taule'}, {'name': 'Fer ; en taule'}, {'name': 'Fer en Taules'}]",28
gomme du Sénégal,,gomme_du_Sénégal~product_orthographic,"[{'name': 'Gomme ; de fénégal'}, {'name': 'Gomme de Sénégal'}, {'name': 'Gomme de sénégal'}, {'name': 'Gomme de Senegal'}, {'name': 'Gomme de senegal'}]",28
graine de genièvre,,graine_de_genièvre~product_orthographic,"[{'name': 'Graine de geneure'}, {'name': 'Graine de genevie'}, {'name': 'Graine de genevievre'}, {'name': 'Graine de Geniaivre'}, {'name': 'Graine de geniervre'}]",28
pierres à fusils,,pierres_à_fusils~product_orthographic,"[{'name': 'Pierre à fusil'}, {'name': 'Pierre a Fusil'}, {'name': 'Pierre a fusil'}, {'name': 'Pierre ; à fusil'}, {'name': 'Pierre à fusils'}]",28
bœuf salé,,bœuf_salé~product_orthographic,"[{'name': 'Beuf; salé'}, {'name': 'Beuf Salé'}, {'name': 'Beuf salé'}, {'name': 'Beuf sale'}, {'name': 'Beuf ; salé'}]",27
bois merrains à barriques en douelles,,bois_merrains_à_barriques_en_douelles~product_orthographic,"[{'name': 'Bois ;;mairin;a barique en douelles'}, {'name': 'Bois ; mairin a barique en douelles'}, {'name': 'Bois ;;mairin;à bariques en douelles'}, {'name': 'Bois ;;mairin;a bariques en douelles'}, {'name': 'Bois ; merain à barique en douelles'}]",27
chapeaux demi castor,,chapeaux_demi_castor~product_orthographic,"[{'name': 'Champeaux ; demi castor'}, {'name': 'Chaoeaux demy castor'}, {'name': 'Chapeaux 1/2 castor'}, {'name': 'Chapeaux ; 1/2castor'}, {'name': 'Chapeaux ; 1/2 castor'}]",27
cuirs de génisse corroyés,,cuirs_de_génisse_corroyés~product_orthographic,"[{'name': 'Cuir ; de genisse corroyés'}, {'name': 'Cuirs ; de genises corroyées'}, {'name': 'Cuirs de genisse coroyées'}, {'name': 'Cuirs de genisse coroyés'}, {'name': 'Cuirs de genisse corroiés'}]",27
cuirs tannés,,cuirs_tannés~product_orthographic,"[{'name': 'Cuirs tané'}, {'name': 'Cuirs Tanés'}, {'name': 'Cuirs tanés'}, {'name': 'Cuirs ; tanés'}, {'name': 'Cuirs tanez'}]",27
étain ouvré,,étain_ouvré~product_orthographic,"[{'name': 'Eain ouvré'}, {'name': 'Eain ; ouvré'}, {'name': 'Eatain ouvré'}, {'name': 'Estain ouvré'}, {'name': 'Etaim ; oeuvré'}]",27
fil de laiton,,fil_de_laiton~product_orthographic,"[{'name': 'Fil de caton'}, {'name': 'Fil de Laiton'}, {'name': 'Fil de laiton'}, {'name': 'Fil ; de laiton'}, {'name': 'Fil delaton'}]",27
guingans,,guingans~product_orthographic,"[{'name': 'Gingamp'}, {'name': 'Gingamps'}, {'name': 'Gingan'}, {'name': 'Gingans'}, {'name': 'Gingas'}]",27
neganepeau,,neganepeau~product_orthographic,"[{'name': 'Maganipau'}, {'name': 'Négampeaux'}, {'name': 'Neganapau'}, {'name': 'Néganépau'}, {'name': 'Neganepau'}]",27
pipes à fumer,,pipes_à_fumer~product_orthographic,"[{'name': 'Pimes a fumer'}, {'name': 'Pipe à Fumé'}, {'name': 'Pipe à fumé'}, {'name': 'Pipe A Fumé'}, {'name': 'Pipe A fume'}]",27
toile serpillière,,toile_serpillière~product_orthographic,"[{'name': 'Toile sepillière'}, {'name': 'Toile ; serpilère'}, {'name': 'Toile serpilière'}, {'name': 'Toile serpiliere'}, {'name': 'Toile ; serpilière'}]",27
verres cristallins,,verres_cristallins~product_orthographic,"[{'name': 'Veres ; cristalins'}, {'name': 'Veres cristallins'}, {'name': 'Verre christalin'}, {'name': 'Verre;Cristalin'}, {'name': 'Verre;cristalin'}]",27
bois merrains à pipes,,bois_merrains_à_pipes~product_orthographic,"[{'name': 'Bois ;;mairin;à pipes'}, {'name': 'Bois ;;mairin;a pipes'}, {'name': 'Bois ; merai à pipes'}, {'name': 'Bois ; Merain a pipe'}, {'name': 'Bois ; merain ; à pipe'}]",26
coton filé,,coton_filé~product_orthographic,"[{'name': 'Conton filé'}, {'name': 'Coton fié'}, {'name': 'Coton; Filé'}, {'name': 'Coton filé;'}, {'name': 'Coton Filé'}]",26
faux à faucher,,faux_à_faucher~product_orthographic,"[{'name': 'Faule a faucher'}, {'name': 'Fauls à faucher'}, {'name': 'Fauls a faucher'}, {'name': 'Faulsc a faucher'}, {'name': 'Faulse à fauche'}]",26
gomme élémi,,gomme_élémi~product_orthographic,"[{'name': 'Gome Elemi'}, {'name': 'Gome elemy'}, {'name': 'Gome ; elemy'}, {'name': 'Gomme alemy'}, {'name': 'Gomme ; clemy'}]",26
merrains à pipes,,merrains_à_pipes~product_orthographic,"[{'name': 'MAirain a pipe'}, {'name': 'Mairain à pipes'}, {'name': 'Mairin a pipe'}, {'name': 'Mairin ; a pipes'}, {'name': 'Mairrain a pipes'}]",26
chapeaux mi castor,,chapeaux_mi_castor~product_orthographic,"[{'name': 'Chaeaux mi-castor'}, {'name': 'Chapeau mi castor'}, {'name': 'Chapeau ; mi castor'}, {'name': 'Chapeaux mi-castor'}, {'name': 'Chapeaux mi Castor'}]",25
coque du Levant,,coque_du_Levant~product_orthographic,"[{'name': 'Coque de Levant'}, {'name': 'Coque de levant'}, {'name': 'Coque du Levant'}, {'name': 'Coque du levant'}, {'name': 'Coque ; du Levant'}]",25
fromage de Hollande,,fromage_de_Hollande~product_orthographic,"[{'name': ""Fromae ; d'Hollande""}, {'name': 'Fromage de Hollande'}, {'name': 'Fromage de hollande'}, {'name': 'Fromage ; de Hollande'}, {'name': 'Fromage ; de hollande'}]",25
Guinée bleue,,Guinée_bleue~product_orthographic,"[{'name': 'Guincé bleu'}, {'name': 'Guiné Bleue'}, {'name': 'Guinée bleu'}, {'name': 'Guinée ; bleu'}, {'name': 'Guinée; bleuë'}]",25
huile de poisson,,huile_de_poisson~product_orthographic,"[{'name': 'Huie de poisson'}, {'name': 'Huil de poisson'}, {'name': 'Huile de poison'}, {'name': 'Huile; De poisson'}, {'name': 'Huile de Poisson'}]",25
moulins à café,,moulins_à_café~product_orthographic,"[{'name': 'Moulains à caffé'}, {'name': 'Moulin à Café'}, {'name': 'Moulin a café'}, {'name': 'Moulin ; à café'}, {'name': 'Moulin à caffé'}]",25
nattes de jonc,,nattes_de_jonc~product_orthographic,"[{'name': 'Nales de jong'}, {'name': 'Nalle de Jonc'}, {'name': 'Nates;de Jon'}, {'name': 'Nates de jonc'}, {'name': 'Nates de Jong'}]",25
pierres à aiguiser,,pierres_à_aiguiser~product_orthographic,"[{'name': 'Pieres a eguiser'}, {'name': 'Pierre à aiguiser'}, {'name': 'Pierre ; à aiguiser'}, {'name': 'Pierre a éguiser'}, {'name': 'Pierre a eguiser'}]",25
toile à carreaux,,toile_à_carreaux~product_orthographic,"[{'name': 'Toiile ; à carreau'}, {'name': 'Toile à carreau'}, {'name': 'Toile ; à carreau'}, {'name': 'Toile; à carreaux'}, {'name': 'Toile à carreaux'}]",25
basanes tannées,,basanes_tannées~product_orthographic,"[{'name': 'Bajanes tannées'}, {'name': 'Bajannes ; tannées'}, {'name': 'Bajanne tannées'}, {'name': 'Balzannes tannées'}, {'name': 'Basanes tannées'}]",24
chaises de commodité,,chaises_de_commodité~product_orthographic,"[{'name': 'Chaise a commodité'}, {'name': 'Chaise a comodité'}, {'name': 'Chaise de commadité'}, {'name': 'Chaise de commodité'}, {'name': 'Chaise de commodite'}]",24
chapeaux à nègre,,chapeaux_à_nègre~product_orthographic,"[{'name': 'Chapeau ; à nègres'}, {'name': 'Chapeaux à naigre'}, {'name': 'Chapeaux à nègre'}, {'name': 'Chapeaux à negre'}, {'name': 'Chapeaux a negre'}]",24
stockfish,,stockfish~product_orthographic,"[{'name': 'Crockvisch'}, {'name': 'Slocfiche'}, {'name': 'Socfiche'}, {'name': 'Stocfich'}, {'name': 'Stocfiche'}]",24
merrains fonçaille,,merrains_fonçaille~product_orthographic,"[{'name': 'Mairain fonçailles'}, {'name': 'Mairin Foncaille'}, {'name': 'Merain foncail'}, {'name': 'Mérain foncaille'}, {'name': 'Merain fonçaille'}]",24
meules à taillandier,,meules_à_taillandier~product_orthographic,"[{'name': 'Meule a Taillandier'}, {'name': 'Meules a tailandier'}, {'name': 'Meules à Taillandier'}, {'name': 'Meules à taillandier'}, {'name': 'Meules a Taillandier'}]",24
morue verte,,morue_verte~product_orthographic,"[{'name': 'Miorue verte'}, {'name': 'Mmorue ; verte'}, {'name': 'Moluë ; verre'}, {'name': 'Morües vertes'}, {'name': 'Morües ; vertes'}]",24
nicaneas,,nicaneas~product_orthographic,"[{'name': 'Nacaneas'}, {'name': 'Neanias'}, {'name': 'Nécanéas'}, {'name': 'Nécaneas'}, {'name': 'Necaneas'}]",24
toile platille,x,toile_platille~product_orthographic,"[{'name': 'Toile ; platile'}, {'name': 'Toile Platille'}, {'name': 'Toile platille'}, {'name': 'Toile ; Platille'}, {'name': 'Toile ; platille'}]",24
yeux d'écrevisses,,yeux_d'écrevisses~product_orthographic,"[{'name': ""Yeux d'...crevisses""}, {'name': 'Yeux de cavisses'}, {'name': ""Yeux d'ecrevice""}, {'name': ""Yeux d'écrevise""}, {'name': ""Yeux d'ecrevise""}]",24
baleine coupée,,baleine_coupée~product_orthographic,"[{'name': 'Balaine Coupée'}, {'name': 'Balaine coupée'}, {'name': 'Balaine coupee'}, {'name': 'Balaine ; coupée'}, {'name': 'Balainne coupée'}]",23
bois de simarouba,,bois_de_simarouba~product_orthographic,"[{'name': 'Bois ; de diramonbas'}, {'name': 'Bois de seramonbane'}, {'name': 'Bois ; de seramonbas'}, {'name': 'Bois ; de Simaraut'}, {'name': 'Bois ; de sinaconba'}]",23
merrains à pipes en douelles,,merrains_à_pipes_en_douelles~product_orthographic,"[{'name': 'Bois ; merrain a pipes en douelles'}, {'name': 'Bois ; merrain ; a pipes en douelles'}, {'name': 'MAirain a pipe en douelles'}, {'name': 'Mairain à pipes en douelles'}, {'name': 'Mairin a pipe en douelles'}]",23
bouchons de liège,,bouchons_de_liège~product_orthographic,"[{'name': 'Bouche de liège'}, {'name': 'Bouchon de Liège'}, {'name': 'Bouchon de liège'}, {'name': 'Bouchon de Liége'}, {'name': 'Bouchon de Liege'}]",23
ipécacuanha,x,ipécacuanha~product_orthographic,"[{'name': 'Epipequaquana'}, {'name': 'Hipepaquana'}, {'name': 'Inpecacuahanna'}, {'name': 'Ipacuana'}, {'name': 'Ipeacuanana'}]",23
fromage de Gruyère,x,fromage_de_Gruyère~product_orthographic,"[{'name': 'Fromage ; de Cruyers'}, {'name': 'Fromage ; de Grayeres'}, {'name': 'Fromage de Gruiére'}, {'name': 'Fromage de Gruiere'}, {'name': 'Fromage ; de Gruïere'}]",23
meules à coutelier,,meules_à_coutelier~product_orthographic,"[{'name': 'Meule A Coutelier'}, {'name': 'Meule a Coutelier'}, {'name': 'Meule à Couteliers'}, {'name': 'Meules a Cousolier'}, {'name': 'Meules à coûtelier'}]",23
planches de chêne,,planches_de_chêne~product_orthographic,"[{'name': 'Planche de chêne'}, {'name': 'Planche de chesne'}, {'name': 'Planche ; de chesne'}, {'name': 'Planches de chaine'}, {'name': 'Planches ; de chaine'}]",23
vin de Xérès,,vin_de_Xérès~product_orthographic,"[{'name': 'Vin de Cères'}, {'name': 'Vin de chère'}, {'name': 'Vin de Cherés'}, {'name': 'Vin de cherés'}, {'name': 'Vin de cheres'}]",23
blé froment,,blé_froment~product_orthographic,"[{'name': 'Beld froment'}, {'name': 'Bled Fromant'}, {'name': 'Bled fromant'}, {'name': 'Bled fromen'}, {'name': 'Bled fromend'}]",22
boîtes de bergamotes,,boîtes_de_bergamotes~product_orthographic,"[{'name': 'Boetes ; de bargamotes'}, {'name': 'Boëtes de bergamote'}, {'name': 'Boetes de bergamote'}, {'name': 'Boetes ; de Bergamotes'}, {'name': 'Boetes ; de bergamotes'}]",22
bois merrains à fonds,,bois_merrains_à_fonds~product_orthographic,"[{'name': 'Bois merain a fonds'}, {'name': 'Bois ;;mérain;a fonds'}, {'name': 'Bois merain a foudol'}, {'name': 'Bois merains à fonds'}, {'name': 'Bois ; merains ; à fonds'}]",22
chanvre cru,,chanvre_cru~product_orthographic,"[{'name': 'Canvre cru'}, {'name': 'Chabvre cru'}, {'name': 'Chamure cru'}, {'name': 'Chanure Cru'}, {'name': 'Chanure cru'}]",22
dentelle du Puy,,dentelle_du_Puy~product_orthographic,"[{'name': 'Dantelle du Puy'}, {'name': 'Dantelle du puy'}, {'name': 'Dantelle du puys'}, {'name': 'Dentelle de Dupui'}, {'name': 'Dentelle de Puy'}]",22
étoffe au quart de soie,,étoffe_au_quart_de_soie~product_orthographic,"[{'name': 'Etoffe au 1/4 de soie'}, {'name': 'Etoffe au 1/4 de soye'}, {'name': 'Etoffe ; au 1/4 de soye'}, {'name': 'Etoffe au 4e de soye'}, {'name': 'Etoffe au quars de soye'}]",22
fer en barres,x,fer_en_barres~product_orthographic,"[{'name': 'Fen en barres'}, {'name': 'Fer en bares'}, {'name': 'Fer ; en bares'}, {'name': 'Fer en Barre'}, {'name': 'Fer en barre'}]",22
fruits à l'eau-de-vie,,fruits_à_l'eau-de-vie~product_orthographic,"[{'name': ""Fruis a l'eau de vie""}, {'name': ""Fruis ; à l'eau de vie""}, {'name': 'Fruit a eau de vie'}, {'name': ""Fruit à l'Eau de vie""}, {'name': ""Fruit à l'eau de vie""}]",22
graine de trèfle,,graine_de_trèfle~product_orthographic,"[{'name': 'Graine ; de treffe'}, {'name': 'Graine de treffle'}, {'name': 'Graine ; de treffle'}, {'name': 'Graine de treffles'}, {'name': 'Graine ; de treffles'}]",22
mouchoirs de romals,,mouchoirs_de_romals~product_orthographic,"[{'name': 'Mouchoir ; de Romald'}, {'name': 'Mouchoir de Romals'}, {'name': 'Mouchoir ; de Romals'}, {'name': 'Mouchoirs ; de Ramat'}, {'name': 'Mouchoirs de Riomats'}]",22
peaux de loup cervier,,peaux_de_loup_cervier~product_orthographic,"[{'name': 'Peaaux de loup cervier'}, {'name': 'Peau de Loup Cervier'}, {'name': 'Peau de loup cervier'}, {'name': 'Peaus de loup cervier'}, {'name': 'Peaux;de loup;cervier'}]",22
pierres à faux,,pierres_à_faux~product_orthographic,"[{'name': 'Pierre à faulx'}, {'name': 'Pierre a faulx'}, {'name': 'Pierre ; à faulx'}, {'name': 'Pierre à faux'}, {'name': 'Pierre a faux'}]",22
pois verts,,pois_verts~product_orthographic,"[{'name': 'Poids verds'}, {'name': 'Poids ; verds'}, {'name': 'Poids vert'}, {'name': 'Poids Verte'}, {'name': 'Poids vertes'}]",22
raisin sec,,raisin_sec~product_orthographic,"[{'name': 'Raaisin sec'}, {'name': 'Raisains secs'}, {'name': 'Raisine secs'}, {'name': 'Raisin ; fer'}, {'name': 'Raisin; sec'}]",22
soie apprêtée,,soie_apprêtée~product_orthographic,"[{'name': 'Soye apprêtée'}, {'name': 'Soye apprétée'}, {'name': 'Soye appretée'}, {'name': 'Soye ; apprêtée'}, {'name': 'Soye ; apressée'}]",22
toile de Bretagne,,toile_de_Bretagne~product_orthographic,"[{'name': 'Toile de Bratagne'}, {'name': 'Toile de Breatagne'}, {'name': 'Toile; de Bretagne'}, {'name': 'Toile de Bretagne'}, {'name': 'Toile de bretagne'}]",22
toile de Saintonge,,toile_de_Saintonge~product_orthographic,"[{'name': 'Toile de faimtong'}, {'name': 'Toile de Saintange'}, {'name': 'Toile de Saint ange'}, {'name': 'Toile de Saint anges'}, {'name': 'Toile de Saintonge'}]",22
verres à vitre,,verres_à_vitre~product_orthographic,"[{'name': 'Verre à vires'}, {'name': 'Verreà Vitre'}, {'name': 'Verre à vitre'}, {'name': 'Verre a vitre'}, {'name': 'Verre ; à vitre'}]",22
baleine en fanon,,baleine_en_fanon~product_orthographic,"[{'name': 'BaLaine ; en fanon'}, {'name': 'Balaine ; en fanon'}, {'name': 'Balainne en fanon'}, {'name': 'Baleine ; en canon'}, {'name': 'Baleine; en fanon'}]",21
bois de Caliatour,,bois_de_Caliatour~product_orthographic,"[{'name': 'Bois ; de caillatour'}, {'name': 'Bois de caleateur'}, {'name': 'Bois de caliandour'}, {'name': 'Bois de caliator'}, {'name': 'Bois; de caliatour'}]",21
café des Îles,,café_des_Îles~product_orthographic,"[{'name': 'Café des Iles'}, {'name': 'Café ; des îles'}, {'name': 'Café des Isles'}, {'name': 'Café des isles'}, {'name': 'Café ; des Isles'}]",21
chair salée,,chair_salée~product_orthographic,"[{'name': 'Cair ; salée'}, {'name': 'Chaire salé'}, {'name': 'Chaire salée'}, {'name': 'Chaire ; salée'}, {'name': 'Chair salé'}]",21
drap de Louviers,x,drap_de_Louviers~product_orthographic,"[{'name': 'Drap ; de loumiere'}, {'name': 'Drap de Louvier'}, {'name': 'Drap de louvier'}, {'name': ""Drap de l'ouvier""}, {'name': 'Drap ; de Louvier'}]",21
fil à voile,,fil_à_voile~product_orthographic,"[{'name': 'Fil;a voile'}, {'name': 'Fil avoile'}, {'name': 'Fil à Voile'}, {'name': 'Fil à voile'}, {'name': 'Fil A Voile'}]",21
fruits crus,,fruits_crus~product_orthographic,"[{'name': 'Fruis crû'}, {'name': 'Fruis crud'}, {'name': 'Fruis frais'}, {'name': 'Fruit crû'}, {'name': 'Fruit cru'}]",21
peaux de chevreuil,,peaux_de_chevreuil~product_orthographic,"[{'name': 'Paux ; de chevreuil'}, {'name': 'Peau de Cheuvreuil'}, {'name': 'Peau de chevreuil'}, {'name': 'Peau ; de chevreuil'}, {'name': 'Peaux de cheurotin'}]",21
peaux de martre,,peaux_de_martre~product_orthographic,"[{'name': 'Peau de martre'}, {'name': 'Peau de martres'}, {'name': 'Peaux de Marbre'}, {'name': 'Peaux de marbre'}, {'name': 'Peaux ; de marbre'}]",21
pelleterie commune,,pelleterie_commune~product_orthographic,"[{'name': 'Peleterie commune'}, {'name': 'Peleterie comune'}, {'name': 'Pellesterie commun'}, {'name': 'Pellesterie commune'}, {'name': 'Pellestrie commune'}]",21
saumon salé,,saumon_salé~product_orthographic,"[{'name': 'Saumon SAL...'}, {'name': 'Saumon Salé'}, {'name': 'Saumon salé'}, {'name': 'Saumon sale'}, {'name': 'Saumon ; salé'}]",21
toile de Bretagne étroite,,toile_de_Bretagne_étroite~product_orthographic,"[{'name': 'Toile de Bretagne étroite'}, {'name': 'Toile de bretagne étroite'}, {'name': 'Toile de Bretagne etroite'}, {'name': 'Toile de Bretagne ; étroite'}, {'name': 'Toile de bretagne ; étroite'}]",21
toile de chanvre,,toile_de_chanvre~product_orthographic,"[{'name': 'Toile de chanure'}, {'name': 'Toile; de Chanvre'}, {'name': 'Toile; de chanvre'}, {'name': 'Toile de Chanvre'}, {'name': 'Toile de chanvre'}]",21
toile diverse,,toile_diverse~product_orthographic,"[{'name': 'Toile divers'}, {'name': 'Toile ; divers'}, {'name': 'Toile diverse'}, {'name': 'Toile ; diverse'}, {'name': 'Toile; diverses'}]",21
toile peinte,,toile_peinte~product_orthographic,"[{'name': 'Toile; peinte'}, {'name': 'Toile Peinte'}, {'name': 'Toile peinte'}, {'name': 'Toile ; Peinte'}, {'name': 'Toile ; peinte'}]",21
verres à boire,,verres_à_boire~product_orthographic,"[{'name': 'Vere ; à boire'}, {'name': 'Verre à boire'}, {'name': 'Verre A boire'}, {'name': 'Verre a Boire'}, {'name': 'Verre a boire'}]",21
bois d'ébène,,bois_d'ébène~product_orthographic,"[{'name': ""Bois d'Ebeine""}, {'name': ""Bois ; d'Ebeinne""}, {'name': 'Bois de bene'}, {'name': ""Bois d'ébène""}, {'name': ""Bois d'ebène""}]",20
bois merrains,,bois_merrains~product_orthographic,"[{'name': 'Bois ;;mairin'}, {'name': 'Bois ; mairin'}, {'name': 'Bois mairrain'}, {'name': 'Bois ; marrain'}, {'name': 'Bois marrin'}]",20
bordage de chêne,,bordage_de_chêne~product_orthographic,"[{'name': 'Bordage de Chêne'}, {'name': 'Bordage de chêne'}, {'name': 'Bordage de Chene'}, {'name': 'Bordage de chene'}, {'name': 'Bordage; de chesne'}]",20
clous de fer,,clous_de_fer~product_orthographic,"[{'name': 'Cloud de Fer'}, {'name': 'Cloud de fer'}, {'name': 'Clou de Fer'}, {'name': 'Clou de fer'}, {'name': 'Clouds de Fer'}]",20
eau de fleurs d'orange,,eau_de_fleurs_d'orange~product_orthographic,"[{'name': ""Eau ; de fl.d'orange""}, {'name': ""Eau ; de fl. D'orange""}, {'name': ""Eau ; de fl d'orange""}, {'name': ""Eau de Fleur d'horange""}, {'name': ""Eau; De fleur d'orange""}]",20
espars,,espars~product_orthographic,"[{'name': 'Epar'}, {'name': 'Eparde'}, {'name': 'Epards'}, {'name': 'Epare'}, {'name': 'Eparn'}]",20
fil à sennes,,fil_à_sennes~product_orthographic,"[{'name': 'Fil a fiene'}, {'name': 'Fil à Seine'}, {'name': 'Fil a seine'}, {'name': 'Fil ; à Seine'}, {'name': 'Fil ; à seme'}]",20
filets à pêcher,,filets_à_pêcher~product_orthographic,"[{'name': 'Files a pecher'}, {'name': 'Files à pescher'}, {'name': 'Filet a pecher'}, {'name': 'Filet ; à pêcher'}, {'name': 'Filet à pescher'}]",20
laque plate,,laque_plate~product_orthographic,"[{'name': 'Lacque plate'}, {'name': 'Lacque ; plate'}, {'name': 'Lacque platte'}, {'name': 'Lacque ; platte'}, {'name': 'Lacque plattes'}]",20
mouchoirs de Pondichéry,,mouchoirs_de_Pondichéry~product_orthographic,"[{'name': 'Mouchoir de Pontichery'}, {'name': 'Mouchoires de Pondichery'}, {'name': 'Mouchoires de Pontichery'}, {'name': 'Mouchoirs de Pondichéry'}, {'name': 'Mouchoirs de Pondichery'}]",20
peignes de buis,,peignes_de_buis~product_orthographic,"[{'name': 'Paignes de buis'}, {'name': 'Peigne de buis'}, {'name': 'Peigne ; de buis'}, {'name': 'Peigne de Buy'}, {'name': 'Peigne de buy'}]",20
plomb en saumon,,plomb_en_saumon~product_orthographic,"[{'name': 'Plomb en samon'}, {'name': 'Plomben saumon'}, {'name': 'Plomb; En saumon'}, {'name': 'Plomb; en saumon'}, {'name': 'Plomb en Saumon'}]",20
plumes à écrire,,plumes_à_écrire~product_orthographic,"[{'name': 'Plume; A écrire'}, {'name': 'Plume à écrire'}, {'name': 'Plume a Ecrire'}, {'name': 'Plume a ecrire'}, {'name': 'Plume ; à écrire'}]",20
plumes d'autruche brutes,,plumes_d'autruche_brutes~product_orthographic,"[{'name': ""Plume d'autre brute""}, {'name': ""Plume d'autruche brute""}, {'name': ""Plume ; d'autruche ; brute""}, {'name': ""Plumes; d'autruche; brute""}, {'name': ""Plumes d'autruche brute""}]",20
poivre giroflé,x,poivre_giroflé~product_orthographic,"[{'name': 'Poivre; gerofflé'}, {'name': 'Poivre gérofflé'}, {'name': 'Poivre Gerofflé'}, {'name': 'Poivre gerofflé'}, {'name': 'Poivre geroffle'}]",20
rogues de stockfish,,rogues_de_stockfish~product_orthographic,"[{'name': 'Rogne de stocfiche'}, {'name': 'Rognes ; de stocfiche'}, {'name': 'Rognes ; de stockfish'}, {'name': 'Rogue de stocfich'}, {'name': 'Rogue de stocfiche'}]",20
rogues de morue,x,rogues_de_morue~product_orthographic,"[{'name': 'Rognes de Morue;'}, {'name': 'Rognes de moruë'}, {'name': 'Rognes de morue'}, {'name': 'Rognes ; de morue'}, {'name': 'Rognes de morüe'}]",20
toile caissie,x,toile_caissie~product_orthographic,"[{'name': 'Toile ; caisse'}, {'name': 'Toile caissée'}, {'name': 'Toile; caissie'}, {'name': 'Toile caissie'}, {'name': 'Toile ; caissié'}]",20
toile de lin de Saint-Quentin,,toile_de_lin_de_Saint-Quentin~product_orthographic,"[{'name': 'Toile de lin de Saint Quantin'}, {'name': 'Toile de lin de Saint Quentin'}, {'name': 'Toile de lin de saint quentin'}, {'name': 'Toile de lin ; de Saint Quentin'}, {'name': 'Toile ; de lin de Saint Quentin'}]",20
toile de lin diverse,,toile_de_lin_diverse~product_orthographic,"[{'name': 'Toile de lin ; divers'}, {'name': 'Toile ; de lin ; divers'}, {'name': 'Toile de lin diverse'}, {'name': 'Toile ; de lin diverse'}, {'name': 'Toile ; de lin ; diverse'}]",20
toile d'étoupes,,toile_d'étoupes~product_orthographic,"[{'name': 'Toile des Taupe'}, {'name': 'Toile de toupe'}, {'name': ""Toile d'étoupe""}, {'name': ""Toile d'etoupe""}, {'name': ""Toile ; d'étoupe""}]",20
toile royale,,toile_royale~product_orthographic,"[{'name': 'Toile ; Royal'}, {'name': 'Toile Royale'}, {'name': 'Toile royale'}, {'name': 'Toile ; Royale'}, {'name': 'Toile ; royale'}]",20
vieux oint,x,vieux_oint~product_orthographic,"[{'name': 'Veaux-oing'}, {'name': 'Vieil oing'}, {'name': 'Vieusoin'}, {'name': 'Vieus-oin'}, {'name': 'Vieus oin'}]",20
vin de Chypre,,vin_de_Chypre~product_orthographic,"[{'name': 'Vin de Chipre'}, {'name': 'Vin de chipre'}, {'name': 'Vin ; de Chipre'}, {'name': 'Vin ; de chipre'}, {'name': 'Vin; de Chipres'}]",20
bourre de bœuf,,bourre_de_bœuf~product_orthographic,"[{'name': 'Boure de beuf'}, {'name': 'Boure ; de beuf'}, {'name': 'Boure de Bœuf'}, {'name': 'Boure de bœuf'}, {'name': 'Bourre de beüf'}]",19
canefice,,canefice~product_orthographic,"[{'name': 'Caneffice'}, {'name': 'Canéfice'}, {'name': 'Canefice'}, {'name': 'Canefices'}, {'name': 'Canefiche'}]",19
cordage d'espars,,cordage_d'espars~product_orthographic,"[{'name': ""Cordage d'espar""}, {'name': ""Cordage d'espars""}, {'name': ""Cordage ; d'Espars""}, {'name': ""Cordage ; d'espars""}, {'name': ""Cordage ; d'espart""}]",19
cornes de bœuf,,cornes_de_bœuf~product_orthographic,"[{'name': 'Corne de beuf'}, {'name': 'Corne ; de beuf'}, {'name': 'Corne ; de bœuf'}, {'name': 'Cornes de Beuf'}, {'name': 'Cornes de beuf'}]",19
corot,x,corot~product_orthographic,"[{'name': 'Coroos'}, {'name': 'Coroot'}, {'name': 'Coroote ?'}, {'name': 'Coroots'}, {'name': 'Corops coroot ?'}]",19
crème de tartre,,crème_de_tartre~product_orthographic,"[{'name': 'Crème ; de lartre'}, {'name': 'Crème de tarte'}, {'name': 'Creme de Tarte'}, {'name': 'Creme de tarte'}, {'name': 'Creme ; de tarte'}]",19
pâte d'amandes,,pâte_d'amandes~product_orthographic,"[{'name': ""Päte d'amande""}, {'name': ""Paste d'amande""}, {'name': ""Paste ; d'amande""}, {'name': ""Paste d'amandes""}, {'name': ""Paste ; d'amandes""}]",19
pain d'épice,,pain_d'épice~product_orthographic,"[{'name': ""Pain d'épice""}, {'name': ""Pain d'Epice""}, {'name': ""Pain d'epice""}, {'name': 'Pain ; dépice'}, {'name': ""Pain ; D'épice""}]",19
planches de Prusse,,planches_de_Prusse~product_orthographic,"[{'name': 'Palnches ; de Prusse'}, {'name': 'Placnche de Pruse'}, {'name': 'Planche de Prusse'}, {'name': 'Planche de prusse'}, {'name': 'Planche ; de Prusse'}]",19
planches de sapin,,planches_de_sapin~product_orthographic,"[{'name': 'Palnches ; de sapin'}, {'name': 'Pklanches de sapin'}, {'name': 'Plamches de Sapin'}, {'name': 'Planche de sapin;'}, {'name': 'Planche de Sapin'}]",19
pierres d'émeri,,pierres_d'émeri~product_orthographic,"[{'name': ""Pierre ; d'émery""}, {'name': ""Pierre ; d'Emery""}, {'name': ""Pierre ; d'emery""}, {'name': ""Pierres d'emeri""}, {'name': ""Pierres ; d'émeri""}]",19
poudre à poudrer,,poudre_à_poudrer~product_orthographic,"[{'name': 'Poucre à poudrer'}, {'name': 'Poude à poudrer'}, {'name': 'Poudre à poudre'}, {'name': 'Poudre a poudre'}, {'name': 'Poudre ; a poudre'}]",19
toile blanche,,toile_blanche~product_orthographic,"[{'name': 'Toile ; blanc'}, {'name': 'Toile Blanche'}, {'name': 'Toile blanche'}, {'name': 'Toile ; Blanche'}, {'name': 'Toile ; blanche'}]",19
toile de Hollande,,toile_de_Hollande~product_orthographic,"[{'name': 'Toile de Hollande'}, {'name': 'Toile de hollande'}, {'name': 'Toile ; de Hollande'}, {'name': 'Toile dholande'}, {'name': ""Toile d'Holande""}]",19
bois de Campêche en bûches,,bois_de_Campêche_en_bûches~product_orthographic,"[{'name': 'Bois de campêche en buche'}, {'name': 'Bois ; de campêche en buche'}, {'name': 'Bois de Campêche en buches'}, {'name': 'Bois de campêche en buches'}, {'name': 'Bois de campeche en buches'}]",18
cendre gravelée,,cendre_gravelée~product_orthographic,"[{'name': 'Cendre granele'}, {'name': 'Cendre Gravelé'}, {'name': 'Cendre gravelé'}, {'name': 'Cendre;gravelée'}, {'name': 'Cendre Gravelée'}]",18
cercles à tonneaux,,cercles_à_tonneaux~product_orthographic,"[{'name': 'Cercles à à tonneaux'}, {'name': 'Cercles ; à tanneaux'}, {'name': 'Cercles à thonneau'}, {'name': 'Cercles à thonneaux'}, {'name': 'Cercles a toneaux'}]",18
cirsaca,,cirsaca~product_orthographic,"[{'name': 'Ciraka'}, {'name': 'Circaca'}, {'name': 'Cirçacas'}, {'name': 'Circacas'}, {'name': 'Circahas'}]",18
cire jaune,,cire_jaune~product_orthographic,"[{'name': 'Cire; Jaune'}, {'name': 'Cire jaune;'}, {'name': 'Cire Jaune'}, {'name': 'Cire jaune'}, {'name': 'Cire ; Jaune'}]",18
coton en laine,,coton_en_laine~product_orthographic,"[{'name': 'Conton ; en laine'}, {'name': 'Coton; En laine'}, {'name': 'Coton en Laine'}, {'name': 'Coton en laine'}, {'name': 'Coton ; En laine'}]",18
contra yerba,,contra_yerba~product_orthographic,"[{'name': 'Contra'}, {'name': 'Contrabierre'}, {'name': 'Contrabierva'}, {'name': 'Contracyrna'}, {'name': 'Contragerna'}]",18
dents de morphil,,dents_de_morphil~product_orthographic,"[{'name': 'Dens de morphil'}, {'name': 'Dent de Morphil'}, {'name': 'Dent de morphil'}, {'name': 'Dent ; de morphil'}, {'name': 'Dents de morfil'}]",18
douelles à tonneaux,,douelles_à_tonneaux~product_orthographic,"[{'name': 'Döuelles a tonneaux'}, {'name': 'Doüeles ; à tonneaux'}, {'name': 'Doüelle a tonneaux'}, {'name': 'Doüelles ; à toneaux'}, {'name': 'Doüelles à tonneaux'}]",18
eau-de-vie d'Hendaye,,eau-de-vie_d'Hendaye~product_orthographic,"[{'name': ""Eau de Vie d'andage""}, {'name': ""Eau de vie d'Andaie""}, {'name': ""Eau de vie d'Andaille""}, {'name': ""Eau-de-vie d'Andaye""}, {'name': ""Eau de vie d'andaye""}]",18
fleurs de soufre,,fleurs_de_soufre~product_orthographic,"[{'name': 'Fleur ; de fouffre'}, {'name': 'Fleur de Souffre'}, {'name': 'Fleur de souffre'}, {'name': 'Fleur ; de souffre'}, {'name': 'Fleur de soufre'}]",18
graine de jardin,,graine_de_jardin~product_orthographic,"[{'name': 'Grainde de jardin'}, {'name': 'Graine de jardain'}, {'name': 'Graine;de Jardin'}, {'name': 'Graine de Jardin'}, {'name': 'Graine de jardin'}]",18
haches houes et serpes,,haches_houes_et_serpes~product_orthographic,"[{'name': 'Haches, hoües et serpe'}, {'name': 'Haches, hoües et serpes'}, {'name': 'Haches hoües et serpes'}, {'name': 'Haches ; hoües et serpes'}, {'name': 'Haches , hoües et serpes'}]",18
inde plate,,inde_plate~product_orthographic,"[{'name': 'Indeplate'}, {'name': 'Inde-plate'}, {'name': 'Inde plate'}, {'name': 'Inde ; plate'}, {'name': 'Inde plates'}]",18
liège en planches,,liège_en_planches~product_orthographic,"[{'name': 'Liège en Planche'}, {'name': 'Liège en planche'}, {'name': 'Liége en planche'}, {'name': 'Liège ; en planche'}, {'name': 'Liege ; en planche'}]",18
peaux de maroquins,,peaux_de_maroquins~product_orthographic,"[{'name': 'Peau ; de maroquin'}, {'name': 'Peaux ; de maraquin'}, {'name': 'Peaux ; de marequin'}, {'name': 'Peaux de marocain'}, {'name': 'Peaux de maroquier'}]",18
pierres ponce,,pierres_ponce~product_orthographic,"[{'name': 'Piere ponce'}, {'name': 'Pierre-ponce'}, {'name': 'Pierre Ponce'}, {'name': 'Pierre ponce'}, {'name': 'Pierre ; ponce'}]",18
plumes à lit,,plumes_à_lit~product_orthographic,"[{'name': 'Plues ; à lit'}, {'name': 'Plum a lit'}, {'name': 'Plume à Lit'}, {'name': 'Plume à lit'}, {'name': 'Plume a lit'}]",18
poterie de grès barbançons,,poterie_de_grès_barbançons~product_orthographic,"[{'name': 'Poterie de grès barbançons'}, {'name': 'Poterie de grès ; barbançons'}, {'name': 'Poterie de grès en barbançons'}, {'name': 'Poterie de grez Barbançons'}, {'name': 'Poterie ; degrez ; barbançons'}]",18
quincaille de fer et acier,,quincaille_de_fer_et_acier~product_orthographic,"[{'name': 'Quicaille de fer et acier'}, {'name': 'Quicailles de fer et acier'}, {'name': 'Quincaille de fer & acier'}, {'name': 'Quincaille de fer § acier'}, {'name': 'Quincaille de fer et acier'}]",18
rave de morue,x,rave_de_morue~product_orthographic,"[{'name': 'Rase de morue'}, {'name': 'Raux de morue'}, {'name': 'Rave de moruë'}, {'name': 'Rave de Morue'}, {'name': 'Rave de morue'}]",18
toile killis,x,toile_killis~product_orthographic,"[{'name': 'Toile kilis'}, {'name': 'Toile ; kilis'}, {'name': 'Toile killi'}, {'name': 'Toile killie'}, {'name': 'Toile ; killie'}]",18
ustensiles de pêche,,ustensiles_de_pêche~product_orthographic,"[{'name': 'Usentiles de pêche'}, {'name': 'Ustanciles de pêche'}, {'name': 'Ustanciles ; de pêche'}, {'name': 'Ustancilles ; de pêche'}, {'name': 'Ustancils de pêche'}]",18
aiguilles à coudre,,aiguilles_à_coudre~product_orthographic,"[{'name': 'Aiguiles a coudre'}, {'name': 'Aiguille a coude'}, {'name': 'Aiguille à coudre'}, {'name': 'Aiguille A coudre'}, {'name': 'Aiguille a coudre'}]",17
amandes cassées,,amandes_cassées~product_orthographic,"[{'name': 'Amande cassées'}, {'name': 'Amandées cassées'}, {'name': 'Amandes caséér'}, {'name': 'Amandes casées'}, {'name': 'Amandes Cassé'}]",17
armes à feu fusils,,armes_à_feu_fusils~product_orthographic,"[{'name': 'Armes ; à feu en fusils'}, {'name': 'Armes ; a feu en fusils'}, {'name': 'Armes a feu ; fusil'}, {'name': 'Armes; à feu; fusils'}, {'name': 'Armes à feu Fusils'}]",17
asa foetida,,asa_foetida~product_orthographic,"[{'name': 'Assa fassida'}, {'name': 'Assafectida'}, {'name': 'Assafelida'}, {'name': 'Assafétida'}, {'name': 'Assafetida'}]",17
balais de palme,,balais_de_palme~product_orthographic,"[{'name': 'Balai de palme'}, {'name': 'Balai ; de palmes'}, {'name': 'Balais; De palme'}, {'name': 'Balais de Palme'}, {'name': 'Balais de palme'}]",17
barriques vides,,barriques_vides~product_orthographic,"[{'name': 'Bariqes vuides'}, {'name': 'Bariques vides'}, {'name': 'Bariques vüides'}, {'name': 'Bariques vuide'}, {'name': 'Bariques Vuides'}]",17
bonneterie de laine,,bonneterie_de_laine~product_orthographic,"[{'name': 'Boneterie de laine'}, {'name': 'Boneterie ; de laine'}, {'name': 'Bonetterie de laine'}, {'name': 'Bonneterie; de laine'}, {'name': 'Bonneterie de Laine'}]",17
